customer_id,age,income_monthly,loan_amount,credit_score,employment_years,debt_to_income,existing_loans,dependents,bank_balance,interest_rate,employment_status,marital_status,education,loan_purpose,city_tier,previous_defaults,loan_default
CUST1362,29,143036.0,200322,574.0,4.7,0.22,5,4,301629,13.12,Business,Married,Graduate,Home,Tier 3,0,No
CUST1074,28,56102.0,863738,810.0,2.8,0.13,5,3,620324,8.92,Salaried,Married,Undergraduate,Home,Tier 2,0,Yes
CUST1375,40,93703.0,428165,687.0,8.3,0.51,3,2,94037,10.44,Business,Divorced,Undergraduate,Education,Tier 3,0,Yes
CUST1156,52,123787.0,364997,651.0,0.6,0.17,0,0,483454,8.08,Self-employed,Married,Postgraduate,Education,Tier 3,1,Yes
CUST1105,25,48355.0,855688,662.0,3.6,0.47,3,0,906311,8.91,Salaried,Married,Undergraduate,Education,Tier 1,0,Yes
CUST1395,63,27111.0,613178,559.0,8.3,0.24,4,4,261505,7.52,Contract,Single,,Business,Tier 3,0,No
CUST1378,36,130581.0,466366,719.0,0.7,0.5,5,5,753423,10.05,Self-employed,Single,,Personal,Tier 3,1,Yes
CUST1125,21,111396.0,813978,712.0,3.2,0.67,0,5,502599,6.71,Contract,Married,High School,Home,Tier 2,0,No
CUST1069,30,106461.0,591656,820.0,10.8,0.53,0,1,345912,11.18,Business,Single,Undergraduate,Personal,Tier 1,1,Yes
CUST1451,46,60929.0,236833,778.0,10.4,0.45,3,1,827376,8.04,Self-employed,Single,Graduate,Business,Tier 3,0,Yes
CUST1010,31,75458.0,934152,665.0,6.6,0.17,2,2,227128,12.89,Business,Married,Undergraduate,Home,Tier 2,0,Yes
CUST1195,32,36017.0,993026,729.0,0.7,0.05,4,0,595270,7.0,Self-employed,Single,Postgraduate,Home,Tier 3,0,Yes
CUST1407,50,28954.0,780026,674.0,3.5,0.26,2,5,685428,11.27,Contract,Married,Graduate,Home,Tier 3,1,Yes
CUST1085,65,37065.0,77632,697.0,5.7,0.33,3,0,205753,8.33,Business,Married,,Home,Tier 2,0,No
CUST1372,27,118776.0,467978,644.0,0.6,0.28,3,5,236182,8.62,Business,Married,Graduate,Education,Tier 2,0,Yes
CUST1389,45,176518.0,999491,723.0,0.8,0.43,0,2,164882,10.62,Self-employed,Married,Graduate,Business,Tier 1,0,Yes
CUST1496,33,114646.0,609723,639.0,1.5,0.55,0,3,212849,9.67,Contract,Married,Undergraduate,Personal,Tier 2,0,Yes
CUST1031,62,88640.0,965308,608.0,4.0,0.5,2,0,444439,8.22,Self-employed,Single,Graduate,Personal,Tier 1,0,Yes
CUST1317,50,82291.0,306609,655.0,1.9,0.13,0,3,381036,8.49,Salaried,Single,High School,Business,Tier 2,0,No
CUST1409,60,64514.0,105337,582.0,1.2,0.14,3,5,882042,8.47,Business,Single,Undergraduate,Home,Tier 2,0,Yes
CUST1491,60,153090.0,661600,627.0,28.8,,2,3,797130,11.58,Salaried,Married,Graduate,Vehicle,Tier 2,0,No
CUST1492,30,29302.0,139613,713.0,0.5,0.63,5,1,333953,8.91,Salaried,Single,Postgraduate,Home,Tier 2,0,Yes
CUST1281,40,76243.0,947928,587.0,18.0,0.28,1,2,680302,12.4,Salaried,Divorced,Graduate,Business,Tier 2,0,Yes
CUST1357,22,127779.0,440719,749.0,6.9,0.44,2,3,651045,9.69,Salaried,Single,Graduate,Education,Tier 1,0,No
CUST1077,60,107930.0,261951,660.0,4.2,0.29,0,5,432530,12.24,Business,Married,Graduate,Business,Tier 2,0,Yes
CUST1462,56,105388.0,603999,737.0,6.3,0.26,3,4,756287,12.68,Contract,Married,Postgraduate,Personal,Tier 2,0,Yes
CUST1498,51,42519.0,500348,721.0,0.4,0.13,4,3,866465,8.95,Self-employed,Single,Postgraduate,Business,Tier 2,0,Yes
CUST1212,46,162528.0,680235,652.0,10.1,0.39,0,2,114373,10.11,Business,Married,High School,Education,Tier 2,0,No
CUST1102,55,158507.0,228595,717.0,3.6,0.37,0,5,236318,13.86,Salaried,Single,Undergraduate,Business,Tier 2,0,Yes
CUST1335,49,36030.0,90809,846.0,7.9,0.41,0,5,694245,13.83,Self-employed,Married,Postgraduate,Home,Tier 1,0,Yes
CUST1476,48,32060.0,392703,626.0,5.7,0.44,2,1,708363,12.33,Self-employed,Single,Graduate,Vehicle,Tier 2,0,No
CUST1337,55,102717.0,766756,519.0,,0.05,5,5,237204,14.4,Salaried,Single,Graduate,Vehicle,Tier 2,0,Yes
CUST1441,57,168288.0,252503,807.0,0.8,0.62,4,2,524385,5.52,Self-employed,Divorced,Postgraduate,Personal,Tier 3,0,Yes
CUST1174,53,67407.0,109676,761.0,23.0,0.41,4,4,837423,13.71,Business,Married,High School,Vehicle,Tier 1,0,Yes
CUST1003,35,112297.0,109379,780.0,5.6,0.49,4,3,925759,8.88,Self-employed,Married,Graduate,Personal,Tier 2,0,Yes
CUST1334,44,154194.0,623044,760.0,1.6,0.64,1,2,494709,5.74,Contract,Married,Graduate,Business,Tier 1,0,Yes
CUST1410,36,106236.0,947048,691.0,0.6,0.16,1,3,337597,16.05,Self-employed,Divorced,Graduate,Education,Tier 2,0,Yes
CUST1071,34,121033.0,238014,763.0,1.3,0.51,1,4,40903,9.28,Business,Married,Undergraduate,Business,Tier 1,0,Yes
CUST1210,22,28916.0,963376,644.0,2.2,0.47,4,4,562242,12.79,Salaried,Married,Graduate,Home,Tier 2,1,Yes
CUST1064,49,102076.0,183515,616.0,5.2,0.44,3,0,412931,10.81,Self-employed,Divorced,Graduate,Home,Tier 1,0,Yes
CUST1385,22,90303.0,255550,605.0,4.7,0.54,1,5,761967,10.6,Business,Single,Graduate,Business,Tier 2,0,Yes
CUST1094,44,37870.0,512120,630.0,0.5,0.29,5,5,762634,14.34,Salaried,Married,High School,Home,Tier 2,0,Yes
CUST1486,57,85728.0,331570,682.0,2.3,0.48,5,0,257557,11.91,Contract,Married,Undergraduate,Personal,Tier 2,0,Yes
CUST1186,53,146778.0,753662,850.0,0.6,0.5,2,0,498960,13.11,Salaried,Married,High School,Vehicle,Tier 3,0,Yes
CUST1034,35,62811.0,352775,565.0,2.1,0.4,4,5,420466,13.19,Salaried,Married,Graduate,Home,Tier 1,0,Yes
CUST1078,41,24801.0,555155,660.0,1.9,0.74,4,4,446441,9.9,Self-employed,Married,Undergraduate,Personal,Tier 1,0,Yes
CUST1001,59,45350.0,907756,524.0,3.9,0.43,3,0,204298,8.51,Salaried,Single,Undergraduate,Home,Tier 1,0,Yes
CUST1012,44,21267.0,880460,502.0,,0.22,1,1,713387,13.03,Self-employed,Married,Graduate,Personal,Tier 2,0,Yes
CUST1416,39,109922.0,660411,579.0,1.3,0.5,0,1,490514,9.61,Self-employed,Single,Postgraduate,Education,Tier 1,1,Yes
CUST1023,22,56756.0,293322,679.0,0.0,0.71,4,2,526244,11.37,Salaried,Married,Postgraduate,Vehicle,Tier 2,0,Yes
CUST1073,35,172786.0,280203,692.0,0.3,0.35,0,1,954597,10.7,Self-employed,Single,Undergraduate,Personal,Tier 1,0,Yes
CUST1183,47,118497.0,476752,775.0,7.8,0.36,5,5,242068,9.53,Self-employed,Single,Undergraduate,Personal,Tier 2,0,Yes
CUST1132,46,35640.0,348512,745.0,13.7,0.33,5,3,839325,13.87,Salaried,Married,Postgraduate,Personal,Tier 3,0,Yes
CUST1411,33,115579.0,325494,600.0,2.6,0.34,5,4,633423,8.07,Business,Married,Graduate,Personal,Tier 1,1,Yes
CUST1194,61,169456.0,350709,589.0,5.7,0.15,2,3,216144,11.46,Salaried,Married,Undergraduate,Vehicle,Tier 2,0,No
CUST1056,37,144020.0,650613,614.0,3.9,0.24,3,1,413376,12.48,Self-employed,Divorced,Graduate,Business,Tier 2,0,Yes
CUST1149,59,137156.0,940324,637.0,15.2,0.33,5,0,946410,7.7,Salaried,Single,Postgraduate,Home,Tier 2,0,Yes
CUST1019,44,25543.0,331173,660.0,,0.51,0,1,385714,11.07,Contract,Single,Postgraduate,Vehicle,Tier 3,0,No
CUST1205,57,158932.0,415321,718.0,12.8,0.49,1,3,290713,8.17,Salaried,Single,Undergraduate,Vehicle,Tier 2,0,Yes
CUST1079,36,121150.0,245716,592.0,1.0,0.17,3,3,874446,7.28,Salaried,Married,,Home,Tier 2,0,No
CUST1495,49,,171826,647.0,12.1,0.26,1,2,167421,13.08,Self-employed,Single,Postgraduate,Vehicle,Tier 1,0,No
CUST1263,25,,493676,636.0,2.8,0.22,5,5,805511,6.99,Business,Married,Postgraduate,Personal,Tier 2,0,Yes
CUST1324,55,145449.0,535417,738.0,1.9,0.45,4,1,736893,9.9,Self-employed,Single,Postgraduate,Education,Tier 2,1,Yes
CUST1484,53,158256.0,888003,771.0,8.1,0.37,2,5,355679,9.66,Self-employed,Single,Undergraduate,Personal,Tier 1,0,Yes
CUST1080,65,172697.0,634567,624.0,0.8,0.05,4,5,433395,11.17,Self-employed,Single,Graduate,Home,Tier 3,0,Yes
CUST1040,29,129888.0,64382,725.0,1.2,0.11,5,0,452415,9.73,Contract,Single,Undergraduate,Personal,Tier 1,0,No
CUST1452,46,145309.0,767912,732.0,1.4,0.21,0,3,890987,6.45,Salaried,Single,Postgraduate,Education,Tier 2,0,Yes
CUST1047,46,97459.0,482882,850.0,1.1,0.66,0,5,649606,11.31,Salaried,Single,Undergraduate,Business,Tier 2,0,No
CUST1239,40,33254.0,475037,576.0,1.1,0.41,2,5,914531,8.41,Contract,Single,Undergraduate,Personal,Tier 1,0,No
CUST1392,62,173890.0,171789,599.0,,0.35,2,4,289944,10.94,Contract,Married,Graduate,Personal,Tier 3,0,No
CUST1353,43,65915.0,401707,744.0,0.1,0.35,2,5,240998,8.53,Business,Single,Graduate,Vehicle,Tier 2,0,No
CUST1342,53,,79402,601.0,5.9,0.55,0,3,186871,10.04,Self-employed,Single,Postgraduate,Vehicle,Tier 3,0,Yes
CUST1278,56,160709.0,588884,762.0,28.3,0.15,4,1,239196,11.51,Self-employed,Single,Postgraduate,Business,Tier 1,0,Yes
CUST1291,36,173026.0,491501,691.0,9.2,,4,4,570523,10.34,Salaried,Married,High School,Vehicle,Tier 2,0,No
CUST1318,53,145600.0,438822,695.0,1.9,0.35,4,1,242723,9.56,Salaried,Married,Graduate,Home,Tier 2,0,Yes
CUST1305,32,109865.0,936040,708.0,9.1,0.14,2,1,76386,13.54,Contract,Married,High School,Home,Tier 2,0,Yes
CUST1269,39,23569.0,137955,583.0,9.7,0.74,1,4,972004,8.7,Self-employed,Single,Undergraduate,Business,Tier 3,0,Yes
CUST1070,56,144174.0,720688,742.0,6.0,0.35,4,0,516760,11.61,Salaried,Married,Graduate,Vehicle,Tier 2,0,No
CUST1456,53,102555.0,561897,657.0,2.1,0.39,1,3,207834,8.04,Business,Married,Undergraduate,Home,Tier 2,0,No
CUST1466,39,179595.0,662121,650.0,12.7,0.41,4,1,531249,7.11,Salaried,Married,Postgraduate,Personal,Tier 3,0,Yes
CUST1155,33,,807907,827.0,5.5,0.29,3,1,417736,9.72,Self-employed,Married,Graduate,Education,Tier 3,0,No
CUST1083,46,57081.0,50126,758.0,6.3,0.43,4,1,423554,12.38,Salaried,Married,Undergraduate,Vehicle,Tier 3,1,Yes
CUST1478,47,178359.0,526657,683.0,5.2,0.41,5,2,180595,10.41,Self-employed,Single,High School,Business,Tier 3,0,Yes
CUST1173,59,74178.0,970221,645.0,1.5,0.24,5,4,321363,7.81,Self-employed,Married,Undergraduate,Vehicle,Tier 1,0,Yes
CUST1322,39,129317.0,568271,732.0,3.4,0.41,2,1,87806,11.22,Salaried,Divorced,Graduate,Business,Tier 1,0,Yes
CUST1091,45,175504.0,791426,,6.4,0.51,1,2,968342,7.77,Salaried,Single,Graduate,Home,Tier 1,0,Yes
CUST1181,26,79813.0,270178,565.0,1.9,0.2,2,0,588158,8.07,Salaried,Married,Postgraduate,Vehicle,Tier 2,0,Yes
CUST1415,37,82323.0,477236,735.0,6.2,0.24,0,5,542970,9.76,Salaried,Single,Undergraduate,Personal,Tier 1,0,No
CUST1313,47,168334.0,892393,606.0,0.1,0.42,2,2,727030,13.76,Salaried,Divorced,Graduate,Business,Tier 1,0,No
CUST1279,58,171487.0,706639,641.0,8.3,0.41,5,3,212609,13.6,Salaried,Single,Graduate,Personal,Tier 2,0,Yes
CUST1382,35,176357.0,465008,669.0,4.1,0.33,2,0,297107,6.48,Self-employed,Single,Postgraduate,Vehicle,Tier 2,0,Yes
CUST1473,44,143501.0,714180,593.0,14.1,0.53,5,0,140639,10.57,Salaried,Divorced,Undergraduate,Home,Tier 2,0,Yes
CUST1363,63,142049.0,71172,645.0,9.4,0.54,1,5,264438,14.11,Contract,Married,Postgraduate,Personal,Tier 2,0,No
CUST1325,37,46699.0,481459,739.0,1.0,0.2,3,3,235097,10.32,Salaried,Married,Graduate,Personal,Tier 3,0,Yes
CUST1432,36,105958.0,610696,586.0,2.3,0.77,0,2,6051,7.93,Self-employed,Divorced,Graduate,Vehicle,Tier 1,0,Yes
CUST1348,23,159339.0,274137,591.0,2.5,0.4,0,3,480278,10.41,Salaried,Married,Postgraduate,Home,Tier 2,0,Yes
CUST1087,49,72693.0,770670,619.0,3.0,0.15,2,4,7775,10.14,Salaried,Married,Graduate,Personal,Tier 2,1,Yes
CUST1076,43,120634.0,873651,721.0,6.2,0.05,4,4,517493,9.77,Contract,Married,Postgraduate,Personal,Tier 1,0,Yes
CUST1439,46,150414.0,664615,579.0,26.7,0.59,3,3,233931,13.94,Contract,Married,Graduate,Home,Tier 2,0,Yes
CUST1016,23,175164.0,314480,631.0,9.0,0.33,5,2,291663,9.41,Salaried,Married,Graduate,Education,Tier 2,0,Yes
CUST1250,48,73393.0,818734,701.0,4.0,0.53,4,2,396775,14.24,Salaried,Married,Undergraduate,Personal,Tier 2,0,Yes
CUST1434,25,151291.0,309568,564.0,20.6,0.31,1,1,997805,11.34,Salaried,Divorced,Graduate,Education,Tier 3,0,Yes
CUST1020,64,123891.0,895633,630.0,12.5,0.46,4,3,999453,11.14,Business,Married,Undergraduate,Business,Tier 2,0,Yes
CUST1323,24,157789.0,373412,672.0,11.2,0.42,5,1,884617,11.01,Business,Single,Undergraduate,Vehicle,Tier 1,0,Yes
CUST1333,57,154198.0,575910,529.0,0.5,0.49,4,0,694884,11.96,Salaried,Single,Undergraduate,Home,Tier 1,0,Yes
CUST1057,56,120795.0,290773,666.0,1.2,0.32,0,2,716943,6.58,Self-employed,Married,Graduate,Personal,Tier 2,0,No
CUST1302,23,167849.0,609655,678.0,0.3,0.3,5,5,204737,11.3,Self-employed,Single,Graduate,Vehicle,Tier 3,0,Yes
CUST1230,36,55131.0,89986,765.0,2.9,0.42,0,3,837583,7.77,Salaried,Married,Postgraduate,Vehicle,Tier 1,0,No
CUST1332,61,164106.0,702665,799.0,8.9,0.28,5,5,316793,7.84,Salaried,Married,Postgraduate,Personal,Tier 2,0,Yes
CUST1133,34,70528.0,712143,707.0,9.2,0.59,0,2,705033,12.87,Salaried,Single,Graduate,Business,Tier 1,0,Yes
CUST1138,35,168159.0,554471,556.0,1.8,0.68,5,3,139445,10.55,Self-employed,Married,Postgraduate,Personal,Tier 1,0,Yes
CUST1424,21,38618.0,666036,770.0,13.6,0.69,1,4,571118,8.18,Salaried,Married,Graduate,Home,Tier 2,0,Yes
CUST1336,51,100838.0,591013,763.0,4.8,0.52,1,2,442585,11.07,Business,Single,Postgraduate,Education,Tier 1,0,Yes
CUST1026,32,132352.0,962165,646.0,2.7,0.47,3,1,627288,13.93,Business,Married,,Vehicle,Tier 2,0,Yes
CUST1465,30,139101.0,717542,662.0,10.3,0.48,5,5,272136,10.06,Business,Divorced,Graduate,Personal,Tier 1,0,Yes
CUST1282,55,143827.0,442417,727.0,1.4,0.43,2,4,288006,7.35,Salaried,Divorced,Graduate,Home,Tier 3,0,Yes
CUST1248,21,96587.0,695588,815.0,7.3,0.07,3,5,497239,14.52,Self-employed,Single,,Home,Tier 1,0,Yes
CUST1238,39,168830.0,923559,564.0,0.2,0.64,2,4,912383,9.57,Self-employed,Single,Postgraduate,Home,Tier 2,0,Yes
CUST1118,57,132821.0,875656,676.0,2.9,0.42,1,1,140203,10.9,Salaried,Married,Graduate,Home,Tier 1,0,No
CUST1043,24,149800.0,709116,715.0,6.0,0.68,0,5,526396,9.98,Self-employed,Married,Postgraduate,Business,Tier 1,0,Yes
CUST1221,25,126319.0,126218,850.0,0.1,0.24,5,0,919424,8.03,Contract,Married,Graduate,Personal,Tier 2,0,No
CUST1177,33,76141.0,223532,706.0,1.2,0.42,0,2,121841,10.4,Business,Married,Postgraduate,Personal,Tier 2,0,No
CUST1321,25,149127.0,368277,772.0,2.8,0.22,5,0,843927,12.08,Salaried,Divorced,,Home,Tier 1,0,Yes
CUST1154,56,120023.0,69816,827.0,0.7,0.55,2,1,698590,13.72,Salaried,Single,Graduate,Home,Tier 1,0,Yes
CUST1232,23,91963.0,397739,564.0,9.1,0.22,2,0,638676,11.35,Contract,Married,Undergraduate,Education,Tier 2,0,Yes
CUST1228,29,67922.0,512052,803.0,4.2,0.37,3,0,93059,12.36,Self-employed,Married,High School,Home,Tier 3,0,Yes
CUST1418,46,85584.0,780546,564.0,,0.69,3,3,325304,8.58,Contract,Divorced,Graduate,Personal,Tier 1,0,Yes
CUST1204,43,116142.0,128623,758.0,8.1,0.4,0,2,680887,12.64,Salaried,Single,Postgraduate,Home,Tier 2,0,No
CUST1127,57,109362.0,713937,654.0,10.7,0.51,3,1,679174,9.25,Salaried,Single,Undergraduate,Personal,Tier 2,0,Yes
CUST1330,26,123113.0,278504,767.0,2.5,0.35,0,0,492436,12.46,Self-employed,Married,Postgraduate,Personal,Tier 1,1,Yes
CUST1032,48,156429.0,252967,659.0,8.4,0.24,0,4,30517,10.97,Salaried,Single,Graduate,Business,Tier 1,0,Yes
CUST1114,54,46016.0,368408,765.0,9.7,0.47,2,1,413624,6.11,Salaried,Married,Graduate,Personal,Tier 2,0,No
CUST1471,24,173002.0,94813,658.0,7.6,0.55,1,0,978259,7.07,Self-employed,Single,High School,Home,Tier 2,0,No
CUST1272,40,161087.0,720718,770.0,2.1,0.46,3,0,324165,9.82,Contract,Married,Undergraduate,Home,Tier 2,0,Yes
CUST1141,33,96859.0,268967,802.0,19.3,0.51,0,5,802124,11.75,Salaried,Married,Postgraduate,Education,Tier 2,0,Yes
CUST1058,60,,980503,548.0,2.9,0.32,1,4,432214,11.45,Business,Single,Undergraduate,Personal,Tier 3,0,Yes
CUST1193,44,64540.0,847917,663.0,8.2,0.16,0,1,805463,9.1,Contract,Single,,Home,Tier 1,1,Yes
CUST1025,53,65295.0,620485,739.0,5.5,0.73,1,3,403237,12.44,Business,Single,Undergraduate,Business,Tier 2,0,Yes
CUST1018,22,149484.0,904211,566.0,5.4,0.27,2,5,813871,12.04,Contract,Married,Graduate,Vehicle,Tier 2,0,Yes
CUST1266,29,120468.0,451921,712.0,1.6,0.24,3,3,624696,12.09,Salaried,Married,High School,Home,Tier 1,0,Yes
CUST1067,64,39689.0,175885,748.0,5.8,0.35,2,3,10750,11.54,Salaried,Single,Graduate,Education,Tier 2,0,Yes
CUST1209,39,41524.0,233675,577.0,6.4,0.24,1,5,574027,12.51,Contract,Married,High School,Personal,Tier 1,0,No
CUST1480,44,161026.0,800294,673.0,9.8,0.2,1,3,328720,9.53,Business,Married,Postgraduate,Home,Tier 2,0,No
CUST1095,21,44790.0,184869,677.0,2.0,0.55,3,0,848556,11.85,Business,Married,Undergraduate,Business,Tier 2,0,Yes
CUST1254,50,93745.0,318294,658.0,2.3,0.49,0,3,744574,15.76,Salaried,Married,Graduate,Education,Tier 3,0,No
CUST1267,61,,310910,844.0,2.8,0.5,2,3,931522,11.65,Self-employed,Single,Postgraduate,Home,Tier 2,1,Yes
CUST1024,41,36888.0,224944,670.0,0.1,0.53,4,4,356193,8.67,Salaried,Single,Postgraduate,Home,Tier 3,0,Yes
CUST1223,26,54187.0,820044,850.0,8.5,0.55,3,2,531169,11.47,Business,Married,Undergraduate,Home,Tier 1,1,Yes
CUST1262,32,73479.0,194931,755.0,4.4,0.6,4,1,877834,6.34,Business,Single,High School,Business,Tier 2,0,Yes
CUST1427,52,65362.0,381770,624.0,5.5,0.23,4,2,586904,8.02,Salaried,Single,Graduate,Home,Tier 3,0,No
CUST1006,41,132585.0,706282,716.0,10.6,0.44,4,5,107412,10.21,Salaried,Married,Postgraduate,Home,Tier 2,1,Yes
CUST1117,44,121333.0,561411,731.0,4.3,0.27,3,3,283495,15.13,Salaried,Single,Undergraduate,Personal,Tier 2,0,Yes
CUST1046,29,57954.0,282050,723.0,,0.27,5,0,270471,8.41,Self-employed,Married,Postgraduate,Vehicle,Tier 2,0,Yes
CUST1017,42,29338.0,415821,629.0,0.8,0.44,4,3,786163,10.86,Salaried,Single,Graduate,Personal,Tier 3,0,Yes
CUST1463,54,26007.0,906774,738.0,2.3,0.27,0,1,740226,9.76,Business,Married,Graduate,Personal,Tier 2,0,No
CUST1358,46,155240.0,529361,668.0,4.7,0.41,1,3,582952,13.82,Salaried,Married,Graduate,Vehicle,Tier 3,0,Yes
CUST1004,63,43351.0,75053,704.0,0.9,0.28,1,3,717793,9.63,Contract,Single,Graduate,Vehicle,Tier 3,0,Yes
CUST1219,58,39949.0,555815,746.0,11.0,0.48,4,5,436058,8.41,Salaried,Married,Undergraduate,Personal,Tier 3,0,Yes
CUST1406,52,18846.0,443276,636.0,0.6,0.26,4,2,488236,8.69,Salaried,Single,High School,Home,Tier 3,0,Yes
CUST1061,26,78566.0,427177,689.0,0.9,0.47,1,2,598629,9.06,Contract,Married,Graduate,Home,Tier 2,0,Yes
CUST1111,29,98219.0,956151,633.0,0.2,0.49,2,4,874001,8.24,Salaried,Married,Graduate,Business,Tier 1,0,Yes
CUST1319,48,68428.0,386676,635.0,9.3,0.21,3,3,338272,9.09,Salaried,Single,Graduate,Business,Tier 2,0,Yes
CUST1429,60,141781.0,478988,765.0,2.7,0.43,1,3,147482,10.2,Business,Divorced,Postgraduate,Vehicle,Tier 2,0,No
CUST1030,47,55841.0,121907,661.0,1.4,0.46,1,1,830782,10.17,Salaried,Married,Graduate,Vehicle,Tier 2,1,No
CUST1438,32,26512.0,749983,695.0,2.3,0.13,2,0,979067,10.92,Business,Single,,Education,Tier 3,0,Yes
CUST1472,36,149149.0,742558,649.0,3.3,0.41,2,2,804687,9.83,Salaried,Married,Graduate,Home,Tier 2,0,Yes
CUST1027,42,101042.0,498396,730.0,2.9,0.14,0,1,681479,5.99,Salaried,Married,Graduate,Home,Tier 1,0,No
CUST1008,39,93353.0,625644,809.0,18.3,0.15,3,0,121545,8.08,Contract,Married,Graduate,Personal,Tier 1,0,Yes
CUST1454,59,157639.0,127454,591.0,21.8,0.24,0,0,425539,11.59,Salaried,Married,Graduate,Vehicle,Tier 3,0,No
CUST1109,48,70224.0,218502,763.0,3.5,0.19,3,5,60863,16.33,Salaried,Married,Postgraduate,Vehicle,Tier 1,0,Yes
CUST1038,27,86450.0,114772,631.0,9.2,0.4,3,3,489282,10.73,Self-employed,Married,Graduate,Education,Tier 2,0,Yes
CUST1158,42,176427.0,671019,675.0,4.8,0.16,4,1,292710,15.96,Business,Married,Postgraduate,Personal,Tier 1,0,Yes
CUST1490,53,110263.0,116150,830.0,6.4,0.59,0,1,233129,12.35,Self-employed,Single,Graduate,Business,Tier 1,0,Yes
CUST1119,55,54395.0,934377,777.0,3.7,0.56,4,5,252908,9.79,Contract,Married,Postgraduate,Education,Tier 2,0,Yes
CUST1115,53,41960.0,518276,637.0,0.7,0.55,2,4,782635,9.4,Self-employed,Married,Graduate,Personal,Tier 2,1,Yes
CUST1176,47,147473.0,791804,607.0,4.9,0.57,4,0,616726,8.12,Business,Married,Postgraduate,Education,Tier 1,1,Yes
CUST1374,65,144394.0,278071,675.0,3.7,0.33,2,5,811124,11.66,Business,Married,Undergraduate,Home,Tier 1,0,No
CUST1182,28,45712.0,199521,745.0,4.7,0.4,1,0,91694,8.09,Salaried,Married,Postgraduate,Business,Tier 2,0,No
CUST1145,24,39447.0,841189,803.0,0.8,0.59,4,3,596271,13.63,Business,Single,Graduate,Personal,Tier 3,0,Yes
CUST1370,44,,926031,753.0,6.5,0.17,0,5,751760,7.85,Salaried,Single,Graduate,Vehicle,Tier 2,0,No
CUST1391,42,162118.0,979616,645.0,1.1,0.43,3,2,642790,11.3,Salaried,Single,Graduate,Personal,Tier 2,0,Yes
CUST1196,59,93880.0,956046,798.0,1.0,0.18,4,5,41683,10.65,Business,Single,Postgraduate,Personal,Tier 3,0,Yes
CUST1405,65,71441.0,608296,646.0,3.0,0.24,2,4,771565,10.5,Salaried,Single,Postgraduate,Vehicle,Tier 2,0,No
CUST1276,31,173286.0,257990,,1.2,0.4,2,4,883878,9.57,Business,Married,Graduate,Home,Tier 2,0,No
CUST1455,56,119834.0,307594,774.0,2.5,0.27,0,1,514421,5.0,Salaried,Married,Graduate,Home,Tier 2,1,No
CUST1142,52,117657.0,882672,494.0,3.9,0.35,1,2,969799,9.8,Self-employed,Single,Undergraduate,Home,Tier 2,0,No
CUST1366,62,44069.0,631780,850.0,1.5,0.37,4,4,302698,8.7,Business,Married,Graduate,Home,Tier 3,0,Yes
CUST1068,54,29174.0,946209,683.0,2.3,0.1,0,2,905363,8.51,Salaried,Married,Graduate,Business,Tier 2,0,Yes
CUST1211,64,22809.0,787334,579.0,8.1,0.71,5,2,773223,15.34,Self-employed,Married,Graduate,Vehicle,Tier 1,0,Yes
CUST1169,50,45532.0,860874,634.0,12.7,0.42,5,4,600032,6.13,Salaried,Single,Postgraduate,Home,Tier 2,0,Yes
CUST1494,64,59157.0,888807,641.0,2.5,0.33,5,2,60805,6.88,Self-employed,Single,Postgraduate,Personal,Tier 1,0,Yes
CUST1376,21,94090.0,996273,779.0,2.1,0.59,2,4,739200,11.6,Self-employed,Married,Postgraduate,Home,Tier 1,0,Yes
CUST1401,25,149189.0,674712,724.0,3.0,0.36,1,2,473535,5.93,Salaried,Married,High School,Personal,Tier 2,0,No
CUST1273,44,63002.0,280785,792.0,1.1,0.57,3,1,680160,7.98,Salaried,Married,Undergraduate,Personal,Tier 2,0,No
CUST1110,27,57298.0,482498,809.0,0.3,0.54,1,3,178115,15.39,Business,Married,Postgraduate,Education,Tier 1,0,Yes
CUST1249,31,24949.0,661213,629.0,0.3,0.81,2,5,275741,9.58,Salaried,Single,Postgraduate,Vehicle,Tier 2,0,Yes
CUST1146,50,143899.0,593385,793.0,3.9,0.36,3,2,679943,11.07,Self-employed,Single,Undergraduate,Home,Tier 2,0,Yes
CUST1093,29,109267.0,225399,651.0,9.9,0.52,4,2,417755,13.47,Salaried,Married,Postgraduate,Business,Tier 3,0,Yes
CUST1153,49,79529.0,620451,571.0,0.3,0.42,5,2,182597,9.9,Salaried,Single,High School,Personal,Tier 1,0,Yes
CUST1368,55,91479.0,563319,696.0,3.4,0.48,3,4,280553,17.21,Self-employed,Married,,Home,Tier 2,0,Yes
CUST1468,21,104740.0,331685,705.0,1.7,0.63,1,4,430767,11.07,Self-employed,Married,Graduate,Personal,Tier 2,0,Yes
CUST1084,45,111105.0,888761,673.0,10.0,0.43,2,1,490651,12.25,Self-employed,Single,Graduate,Home,Tier 2,0,Yes
CUST1246,38,99317.0,549876,616.0,0.7,,1,2,274045,7.91,Salaried,Single,Postgraduate,Vehicle,Tier 1,0,Yes
CUST1166,64,75043.0,485165,612.0,,0.39,2,4,775824,10.48,Self-employed,Single,Graduate,Personal,Tier 2,0,No
CUST1164,48,96752.0,576047,713.0,4.1,0.05,0,1,650303,12.87,Salaried,Married,Undergraduate,Home,Tier 2,1,Yes
CUST1200,37,18404.0,966380,759.0,3.4,0.26,0,4,535875,9.08,Salaried,Married,Postgraduate,Education,Tier 2,0,Yes
CUST1229,26,112074.0,384402,725.0,0.8,0.46,4,3,743854,7.34,Self-employed,Divorced,High School,Home,Tier 3,1,No
CUST1075,34,92460.0,745275,,1.9,0.15,1,0,617242,11.21,Salaried,Married,Graduate,Home,Tier 2,1,Yes
CUST1479,40,57711.0,616074,694.0,8.0,0.64,1,0,390946,11.91,Business,Single,Postgraduate,Education,Tier 2,0,Yes
CUST1359,37,126099.0,151371,591.0,23.6,0.35,3,0,858816,12.2,Business,Married,Graduate,Education,Tier 2,0,No
CUST1251,45,156013.0,116358,581.0,5.5,0.71,2,5,528260,15.79,Salaried,Single,Undergraduate,Home,Tier 3,1,Yes
CUST1120,64,147695.0,63224,688.0,28.7,0.73,1,5,836257,8.92,Salaried,Single,Undergraduate,Personal,Tier 3,0,No
CUST1311,65,154312.0,363837,743.0,15.4,0.36,5,0,890050,12.68,Salaried,Single,Undergraduate,Home,Tier 3,0,No
CUST1300,28,122680.0,77856,635.0,7.3,0.54,0,4,118936,9.45,Salaried,Married,Graduate,Personal,Tier 1,0,No
CUST1256,55,71413.0,304726,673.0,1.0,0.43,2,2,330437,10.59,Salaried,Married,High School,Personal,Tier 2,1,Yes
CUST1355,47,122592.0,560585,779.0,3.2,0.27,1,1,839006,6.56,Business,Single,Graduate,Business,Tier 2,0,No
CUST1400,64,140883.0,706884,,2.0,0.44,0,0,819486,13.11,Self-employed,Single,High School,Vehicle,Tier 1,0,Yes
CUST1226,36,32489.0,736840,652.0,11.1,,0,5,812221,12.82,Business,Married,Graduate,Vehicle,Tier 1,0,Yes
CUST1354,22,22632.0,734733,753.0,7.6,0.41,1,3,476604,11.36,Salaried,Married,Graduate,Education,Tier 1,1,No
CUST1235,39,42285.0,377073,736.0,6.5,,3,1,478573,8.11,Salaried,Married,Graduate,Business,Tier 2,0,Yes
CUST1383,48,134421.0,633417,645.0,2.5,0.77,5,5,489672,8.09,Salaried,Single,High School,Home,Tier 1,0,Yes
CUST1275,44,166216.0,939302,645.0,4.1,0.61,5,4,199472,10.43,Salaried,Single,Undergraduate,Personal,Tier 2,0,Yes
CUST1037,57,130856.0,332247,669.0,0.5,0.58,3,5,880564,12.16,Self-employed,Single,Undergraduate,Personal,Tier 3,0,Yes
CUST1197,22,123570.0,901587,658.0,0.6,0.38,5,3,119091,10.04,Contract,Single,,Business,Tier 1,1,Yes
CUST1140,62,156186.0,856388,644.0,0.4,0.36,4,5,946245,6.47,Self-employed,Divorced,Graduate,Education,Tier 2,0,Yes
CUST1365,49,155443.0,627564,715.0,5.7,0.22,2,4,473011,8.65,Salaried,Single,Graduate,Vehicle,Tier 2,0,Yes
CUST1245,59,77494.0,366915,665.0,7.7,0.37,5,2,952436,9.34,Business,Married,Postgraduate,Personal,Tier 3,0,Yes
CUST1440,36,126872.0,443554,742.0,4.0,0.6,2,2,311901,6.64,Self-employed,Single,Graduate,Personal,Tier 3,0,Yes
CUST1287,38,93697.0,814757,828.0,5.3,0.72,0,3,278022,6.51,Salaried,Single,Undergraduate,Home,Tier 3,0,No
CUST1060,22,136324.0,444030,666.0,1.7,0.48,1,2,145148,9.61,Business,Single,Graduate,Home,Tier 2,0,No
CUST1112,28,79629.0,380388,667.0,8.2,0.45,4,0,500654,8.73,Business,Single,Postgraduate,Business,Tier 2,0,Yes
CUST1090,21,31807.0,300869,538.0,0.6,0.36,3,5,50619,10.87,Salaried,Married,Postgraduate,Personal,Tier 2,0,Yes
CUST1437,23,23287.0,706701,641.0,8.1,0.41,1,2,389370,13.16,Salaried,Married,Undergraduate,Vehicle,Tier 2,0,Yes
CUST1007,59,164377.0,148723,691.0,2.3,0.13,3,4,548692,12.6,Salaried,Single,Undergraduate,Education,Tier 3,0,Yes
CUST1361,53,100152.0,242192,673.0,3.1,0.38,5,0,695824,8.61,Salaried,Single,Postgraduate,Home,Tier 3,0,Yes
CUST1347,51,129076.0,386326,687.0,1.3,0.5,0,2,601595,13.37,Self-employed,Married,Undergraduate,Business,Tier 1,0,No
CUST1339,41,85067.0,549512,683.0,3.0,0.41,4,0,822108,9.41,Salaried,Divorced,Graduate,Home,Tier 2,0,Yes
CUST1159,48,145016.0,726926,748.0,3.0,0.32,1,1,864625,10.05,Salaried,Single,Undergraduate,Education,Tier 2,0,No
CUST1151,35,27337.0,296726,581.0,5.8,0.39,3,0,876535,11.63,Salaried,Married,Graduate,Business,Tier 1,0,Yes
CUST1178,61,172865.0,664685,690.0,0.3,0.57,2,1,669846,10.34,Business,Married,High School,Education,Tier 1,0,No
CUST1394,35,94323.0,750780,700.0,4.9,0.51,1,2,507175,10.97,Salaried,Divorced,Undergraduate,Personal,Tier 2,0,No
CUST1185,57,130816.0,874690,655.0,6.9,0.36,0,2,106407,8.77,Salaried,Married,Undergraduate,Business,Tier 1,0,Yes
CUST1450,36,18235.0,721256,,0.2,0.39,2,3,231256,7.96,Business,Single,Graduate,Home,Tier 1,0,Yes
CUST1011,31,,903088,598.0,0.8,0.34,4,4,679533,8.49,Contract,Married,Undergraduate,Vehicle,Tier 2,0,Yes
CUST1381,43,134148.0,532615,618.0,9.5,0.4,5,2,675909,14.43,Salaried,Single,Graduate,Vehicle,Tier 2,0,Yes
CUST1104,53,141961.0,429862,635.0,13.2,0.2,5,5,357365,7.77,Salaried,Single,High School,Vehicle,Tier 3,0,No
CUST1082,44,39677.0,940695,725.0,1.7,0.76,2,0,510633,7.8,Self-employed,Married,Graduate,Home,Tier 3,1,No
CUST1039,41,170424.0,176108,644.0,1.9,0.29,4,3,465014,10.05,Salaried,Single,High School,Personal,Tier 3,0,Yes
CUST1315,54,153504.0,830316,559.0,0.3,0.45,5,5,452244,12.61,Salaried,Single,Postgraduate,Personal,Tier 2,1,Yes
CUST1168,40,100844.0,183554,651.0,2.3,0.4,0,4,660244,11.35,Business,Single,Graduate,Home,Tier 1,0,Yes
CUST1470,65,168354.0,525526,850.0,0.5,0.17,4,4,785734,11.68,Self-employed,Married,Undergraduate,Business,Tier 3,0,No
CUST1297,34,97252.0,757280,725.0,3.9,0.2,5,3,598792,13.42,Salaried,Single,Graduate,Business,Tier 2,0,No
CUST1475,22,166056.0,978626,588.0,1.3,0.25,0,5,765177,10.36,Self-employed,Married,Graduate,Vehicle,Tier 1,0,Yes
CUST1199,57,149456.0,626775,563.0,,0.41,0,0,415834,9.33,Business,Married,Undergraduate,Home,Tier 3,0,No
CUST1298,41,57749.0,733889,619.0,3.4,0.48,0,1,628502,11.77,Salaried,Married,,Vehicle,Tier 3,0,No
CUST1417,48,145534.0,549883,730.0,13.6,0.53,4,0,159455,9.08,Business,Married,High School,Personal,Tier 3,0,No
CUST1147,57,41959.0,715755,707.0,0.7,0.35,2,4,158837,13.01,Salaried,Married,Graduate,Vehicle,Tier 2,0,Yes
CUST1393,26,22324.0,729418,693.0,17.6,0.46,3,1,383336,12.07,Salaried,Married,Graduate,Vehicle,Tier 1,0,Yes
CUST1148,43,84203.0,197313,562.0,4.0,0.28,2,0,719647,13.21,Salaried,Married,Undergraduate,Home,Tier 1,0,Yes
CUST1448,25,101524.0,370197,689.0,7.0,0.52,2,2,586177,7.97,Salaried,Married,Graduate,Personal,Tier 1,0,Yes
CUST1288,38,46732.0,985275,664.0,5.3,,0,0,794417,14.73,Salaried,Divorced,Undergraduate,Vehicle,Tier 2,0,Yes
CUST1124,55,38559.0,230760,735.0,2.6,0.25,0,0,829657,8.9,Salaried,Single,Graduate,Vehicle,Tier 1,0,No
CUST1369,45,99264.0,830298,850.0,0.9,0.42,2,3,729687,8.05,Salaried,Divorced,Graduate,Home,Tier 3,0,No
CUST1097,28,43289.0,719078,654.0,1.8,0.31,3,4,31616,9.4,Self-employed,Married,Graduate,Vehicle,Tier 2,0,Yes
CUST1144,52,29023.0,144270,661.0,2.3,0.48,4,5,170129,9.87,Self-employed,Married,Undergraduate,Business,Tier 2,0,Yes
CUST1240,52,62238.0,780399,788.0,1.2,0.32,3,3,86972,10.68,Business,Single,Graduate,Vehicle,Tier 1,0,Yes
CUST1443,49,97767.0,757220,662.0,2.3,0.49,3,1,528562,11.19,Contract,Married,Postgraduate,Home,Tier 3,0,Yes
CUST1098,44,33485.0,84560,763.0,9.1,0.39,1,1,751055,11.87,Contract,Married,Undergraduate,Education,Tier 2,0,No
CUST1408,55,97239.0,657847,762.0,1.3,0.4,5,2,857159,10.42,Business,Married,Graduate,Vehicle,Tier 3,1,Yes
CUST1123,47,146148.0,900163,626.0,9.2,0.56,1,5,835686,10.37,Salaried,Married,Postgraduate,Home,Tier 3,0,No
CUST1184,29,157487.0,638365,722.0,,0.35,0,0,835288,7.03,Salaried,Married,Postgraduate,Business,Tier 2,0,Yes
CUST1203,48,167456.0,360914,666.0,10.0,,0,0,758890,6.9,Business,Married,Graduate,Education,Tier 3,0,Yes
CUST1247,60,83215.0,963589,796.0,1.5,0.37,4,2,122473,10.61,Salaried,Single,Postgraduate,Personal,Tier 1,0,Yes
CUST1306,42,130428.0,372918,718.0,0.0,0.42,0,4,91124,10.92,Self-employed,Married,High School,Home,Tier 2,0,Yes
CUST1299,40,148560.0,85954,646.0,16.6,0.34,4,4,187220,13.64,Business,Married,Undergraduate,Education,Tier 1,0,No
CUST1352,42,155301.0,413476,516.0,1.2,0.28,2,3,499955,8.59,Business,Single,Graduate,Home,Tier 1,0,Yes
CUST1387,43,94125.0,688418,850.0,8.4,0.42,0,3,21061,8.75,Business,Married,Postgraduate,Personal,Tier 2,0,No
CUST1396,57,34389.0,116017,708.0,4.9,,3,2,636516,13.22,Salaried,Single,Graduate,Personal,Tier 1,0,Yes
CUST1285,45,87724.0,956739,614.0,1.1,0.53,3,4,714132,8.86,Contract,Married,Undergraduate,Home,Tier 1,0,Yes
CUST1126,55,39732.0,516725,698.0,4.8,0.21,4,2,279597,8.01,Salaried,Single,Graduate,Personal,Tier 1,0,Yes
CUST1303,37,69745.0,545553,730.0,14.1,0.56,4,1,108751,10.36,Business,Divorced,Postgraduate,Home,Tier 1,0,Yes
CUST1224,42,156311.0,386199,711.0,6.8,0.28,4,1,955541,9.53,Business,Single,Graduate,Education,Tier 2,0,Yes
CUST1419,57,122537.0,790829,634.0,3.6,,0,2,753692,8.01,Business,Married,Graduate,Education,Tier 1,1,Yes
CUST1220,44,55744.0,342822,738.0,10.7,0.28,5,5,674260,13.69,Self-employed,Married,Graduate,Home,Tier 2,1,No
CUST1130,21,132065.0,582954,592.0,0.5,0.79,5,1,545023,10.28,Salaried,Married,Postgraduate,Home,Tier 3,0,Yes
CUST1421,43,60533.0,663217,808.0,1.1,0.54,3,2,325961,9.5,Salaried,Married,Postgraduate,Personal,Tier 2,0,Yes
CUST1290,55,160386.0,306713,710.0,15.9,0.49,5,5,209720,11.7,Contract,Divorced,Postgraduate,Education,Tier 1,1,Yes
CUST1445,48,175686.0,444966,568.0,23.4,0.51,4,4,973761,8.94,Salaried,Married,Graduate,Vehicle,Tier 1,0,Yes
CUST1377,28,,758662,639.0,9.3,0.48,1,4,714560,11.45,Salaried,Single,Postgraduate,Business,Tier 1,1,Yes
CUST1292,61,75108.0,593351,554.0,0.3,,2,1,286075,13.57,Salaried,Married,Graduate,Education,Tier 3,0,Yes
CUST1356,62,152668.0,741757,687.0,0.6,0.32,0,4,441607,11.68,Salaried,Divorced,Graduate,Home,Tier 2,0,No
CUST1295,24,54668.0,557606,625.0,2.8,0.45,3,4,834365,10.35,Salaried,Married,Graduate,Business,Tier 2,0,Yes
CUST1397,53,140177.0,228376,760.0,4.8,0.34,0,2,211548,12.55,Contract,Single,Postgraduate,Personal,Tier 1,0,Yes
CUST1341,43,123977.0,525781,714.0,9.3,0.41,5,4,445980,8.51,Salaried,Single,Postgraduate,Education,Tier 3,1,Yes
CUST1113,32,84040.0,717054,646.0,6.5,0.32,0,4,508323,11.67,Salaried,Divorced,Postgraduate,Personal,Tier 1,0,Yes
CUST1180,59,19015.0,667895,784.0,8.4,0.4,1,4,782022,8.26,Business,Single,Graduate,Vehicle,Tier 3,0,Yes
CUST1308,50,41321.0,891461,,1.5,0.3,1,2,868917,9.68,Contract,Single,Graduate,Home,Tier 2,0,Yes
CUST1433,59,158937.0,930438,767.0,9.6,0.41,1,2,901961,15.47,Salaried,Single,Graduate,Personal,Tier 2,0,Yes
CUST1488,23,167453.0,985354,731.0,6.9,0.14,1,5,783776,9.23,Business,Married,High School,Vehicle,Tier 1,0,Yes
CUST1482,55,120974.0,449953,785.0,,0.25,2,3,742463,7.56,Contract,Single,Graduate,Business,Tier 3,0,Yes
CUST1423,32,19917.0,625762,709.0,2.7,0.46,0,4,432858,11.71,Business,Married,Undergraduate,Personal,Tier 2,0,Yes
CUST1234,56,143917.0,522327,670.0,0.9,0.56,3,4,516162,11.39,Business,Married,Postgraduate,Home,Tier 2,0,Yes
CUST1312,28,159550.0,166739,816.0,3.8,0.55,4,4,475489,9.26,Self-employed,Married,Postgraduate,Home,Tier 2,0,Yes
CUST1165,48,73284.0,831452,692.0,0.1,0.18,2,4,177257,12.63,Salaried,Single,Postgraduate,Vehicle,Tier 3,0,Yes
CUST1137,35,124357.0,821253,850.0,0.1,0.43,3,1,760675,5.0,Salaried,Married,Undergraduate,Vehicle,Tier 2,1,Yes
CUST1198,23,26702.0,236240,842.0,5.2,0.4,0,0,122797,8.41,Self-employed,Married,Undergraduate,Education,Tier 2,0,No
CUST1259,46,88390.0,758754,622.0,24.1,0.62,4,2,489895,11.89,Contract,Married,Postgraduate,Personal,Tier 2,0,Yes
CUST1233,40,124884.0,675646,773.0,1.5,0.11,1,0,203303,9.4,Salaried,Single,Postgraduate,Home,Tier 1,0,Yes
CUST1116,43,,107545,735.0,0.2,0.47,4,5,718340,9.15,Salaried,Single,Postgraduate,Home,Tier 3,0,Yes
CUST1121,60,171772.0,90738,743.0,21.2,0.35,3,5,802781,12.74,Business,Single,Postgraduate,Vehicle,Tier 2,0,No
CUST1350,44,68448.0,979168,557.0,17.6,0.52,0,1,299067,12.47,Business,Single,Graduate,Vehicle,Tier 2,0,No
CUST1225,31,142454.0,499589,674.0,8.5,0.66,2,5,924134,6.06,Salaried,Married,Graduate,Education,Tier 2,0,Yes
CUST1403,24,130221.0,743264,662.0,2.8,,2,2,705757,10.15,Salaried,Single,Graduate,Home,Tier 2,1,Yes
CUST1398,28,59427.0,738281,612.0,0.6,0.45,2,4,467676,5.23,Contract,Single,Graduate,Vehicle,Tier 1,0,Yes
CUST1128,34,179426.0,582358,796.0,0.4,0.43,4,2,678623,9.84,Salaried,Married,Graduate,Vehicle,Tier 1,0,Yes
CUST1286,49,133359.0,831817,801.0,7.2,0.2,3,2,807348,11.36,Contract,Married,Graduate,Vehicle,Tier 1,0,No
CUST1412,62,155541.0,74354,624.0,8.5,0.17,0,2,424048,5.0,Salaried,Married,Undergraduate,Business,Tier 1,0,No
CUST1108,61,60918.0,758533,823.0,26.7,0.51,2,4,366309,9.61,Salaried,Married,Postgraduate,Home,Tier 3,0,No
CUST1371,33,90274.0,272320,699.0,1.5,0.64,5,1,303783,12.8,Business,Married,Undergraduate,Business,Tier 1,0,Yes
CUST1326,64,91686.0,238456,651.0,11.5,0.33,4,2,979334,12.49,Salaried,Single,Undergraduate,Business,Tier 3,0,No
CUST1134,59,56413.0,616202,658.0,1.6,0.5,0,3,918438,10.16,Business,Single,Graduate,Home,Tier 1,0,Yes
CUST1453,41,85444.0,825435,655.0,2.9,0.58,2,5,567422,13.67,Self-employed,Married,Undergraduate,Education,Tier 1,0,Yes
CUST1045,34,84234.0,197550,586.0,1.6,0.25,1,0,617439,10.94,Salaried,Single,Postgraduate,Education,Tier 1,0,No
CUST1461,25,155023.0,87641,745.0,13.9,0.11,4,2,357103,5.67,Salaried,Divorced,Graduate,Home,Tier 2,0,Yes
CUST1066,46,170617.0,909751,,1.3,0.27,2,3,395452,10.99,Self-employed,Married,Postgraduate,Education,Tier 3,1,No
CUST1284,55,119570.0,170674,613.0,23.4,0.27,1,3,912651,9.81,Contract,Single,Graduate,Business,Tier 3,0,Yes
CUST1086,61,106092.0,550315,669.0,11.8,0.09,1,0,37101,8.85,Contract,Single,Postgraduate,Personal,Tier 3,0,No
CUST1243,53,95709.0,62175,672.0,12.4,0.23,1,1,880931,7.92,Contract,Single,Graduate,Education,Tier 3,0,No
CUST1187,62,80292.0,307009,729.0,20.1,0.12,1,2,560667,12.56,Salaried,Single,Graduate,Vehicle,Tier 1,0,No
CUST1384,54,19605.0,811379,766.0,12.3,0.22,2,4,756722,11.57,Business,Married,High School,Vehicle,Tier 3,0,Yes
CUST1160,22,22835.0,256524,776.0,1.1,0.42,1,2,501440,7.09,Business,Single,Graduate,Vehicle,Tier 2,0,Yes
CUST1013,56,100745.0,900916,647.0,4.2,0.36,3,4,815421,8.93,Salaried,Single,Postgraduate,Vehicle,Tier 2,0,Yes
CUST1036,23,89180.0,806892,,1.1,0.18,2,2,481111,14.65,Salaried,Married,Graduate,Home,Tier 3,0,No
CUST1029,45,35955.0,734846,715.0,1.3,0.11,2,2,493051,9.47,Salaried,Single,Graduate,Home,Tier 1,0,Yes
CUST1171,48,136012.0,143501,685.0,4.7,0.58,5,1,513433,12.14,Salaried,Married,Graduate,Education,Tier 1,0,No
CUST1143,59,160047.0,433152,719.0,13.6,0.29,5,5,574829,11.34,Salaried,Single,Graduate,Business,Tier 3,0,Yes
CUST1399,64,177818.0,549137,713.0,2.5,0.48,1,4,455983,8.86,Salaried,Married,Undergraduate,Personal,Tier 2,1,Yes
CUST1343,23,123186.0,54263,680.0,4.1,0.08,4,4,346558,5.59,Salaried,Married,Graduate,Personal,Tier 2,0,Yes
CUST1222,54,110193.0,637518,706.0,8.3,0.55,3,1,871491,9.89,Business,Single,Graduate,Vehicle,Tier 3,1,No
CUST1096,64,136874.0,228954,655.0,16.0,0.39,1,5,70149,9.97,Business,Married,Graduate,Home,Tier 3,0,Yes
CUST1052,64,72098.0,645603,850.0,3.1,0.42,3,0,645233,11.3,Salaried,Single,Postgraduate,Home,Tier 1,0,Yes
CUST1241,27,19252.0,949885,484.0,2.9,0.3,2,4,342629,10.36,Business,Single,Graduate,Home,Tier 2,0,Yes
CUST1485,63,,337654,491.0,0.7,0.38,4,1,506110,11.75,Self-employed,Single,Graduate,Education,Tier 1,0,Yes
CUST1379,34,21812.0,316997,751.0,2.6,0.36,4,1,193487,6.11,Salaried,Married,Graduate,Business,Tier 2,1,Yes
CUST1179,23,74570.0,647135,808.0,2.3,0.23,1,0,174934,7.8,Salaried,Single,Undergraduate,Home,Tier 1,0,Yes
CUST1042,38,32397.0,413339,642.0,5.8,0.27,2,5,850978,10.92,Contract,Married,Undergraduate,Education,Tier 1,0,Yes
CUST1499,22,98910.0,260017,689.0,8.6,0.47,5,5,243483,9.92,Business,Married,Graduate,Home,Tier 2,0,Yes
CUST1422,29,19828.0,335195,649.0,5.7,0.4,2,2,620486,12.33,Salaried,Single,Graduate,Home,Tier 2,0,Yes
CUST1207,53,68612.0,912061,617.0,1.3,0.55,5,5,469310,12.6,Salaried,Single,Postgraduate,Personal,Tier 2,0,Yes
CUST1283,45,126215.0,188155,,5.0,0.63,2,2,278813,9.6,Business,Married,Postgraduate,Personal,Tier 2,0,Yes
CUST1255,62,112456.0,840857,681.0,6.1,0.47,0,3,930767,10.2,Salaried,Married,Graduate,Personal,Tier 1,0,Yes
CUST1413,50,179177.0,95186,722.0,1.9,0.19,4,5,375608,14.45,Business,Single,Graduate,Personal,Tier 1,0,Yes
CUST1005,28,106668.0,452662,833.0,13.7,0.52,3,0,141285,13.27,Salaried,Married,,Vehicle,Tier 2,0,No
CUST1257,27,115239.0,328176,559.0,7.1,0.05,4,1,773184,6.32,Business,Married,Graduate,Personal,Tier 2,0,No
CUST1449,32,30219.0,514071,745.0,0.6,,1,4,991399,11.99,Salaried,Single,Postgraduate,Business,Tier 3,0,No
CUST1101,28,22748.0,182717,,2.9,0.5,4,2,211903,13.08,Self-employed,Single,Undergraduate,Education,Tier 2,0,Yes
CUST1227,53,79877.0,528446,793.0,3.8,0.39,0,3,393227,8.94,Salaried,Single,Undergraduate,Home,Tier 3,0,Yes
CUST1430,65,83545.0,989024,809.0,7.9,0.4,5,4,740415,9.48,Salaried,Married,Undergraduate,Personal,Tier 1,0,Yes
CUST1214,26,56765.0,702465,706.0,7.0,0.3,1,0,563988,11.18,Salaried,Married,High School,Business,Tier 2,0,No
CUST1172,45,154785.0,314223,621.0,6.1,0.3,3,0,950522,12.67,Salaried,Single,Graduate,Education,Tier 2,0,No
CUST1099,31,62482.0,913021,722.0,10.5,0.33,3,0,190639,10.69,Salaried,Single,Postgraduate,Business,Tier 2,0,Yes
CUST1293,56,129195.0,117642,712.0,11.5,0.36,4,0,97876,12.22,Salaried,Single,Graduate,Education,Tier 1,0,No
CUST1216,24,71932.0,159575,718.0,4.6,0.41,0,2,990072,8.11,Salaried,Divorced,Undergraduate,Vehicle,Tier 3,0,No
CUST1062,62,45192.0,126077,697.0,3.3,0.57,4,3,36085,9.45,Business,Married,High School,Business,Tier 1,0,Yes
CUST1048,22,165851.0,387827,715.0,6.4,0.37,1,5,952272,9.94,Salaried,Married,Graduate,Home,Tier 3,0,No
CUST1033,36,79476.0,900867,722.0,5.8,,0,3,476869,10.67,Salaried,Married,Graduate,Business,Tier 1,1,Yes
CUST1268,55,32388.0,73236,586.0,0.4,0.24,2,1,649894,13.77,Self-employed,Married,Graduate,Vehicle,Tier 1,0,Yes
CUST1328,50,62247.0,207729,613.0,5.8,0.53,1,1,975013,10.47,Business,Married,High School,Education,Tier 1,0,Yes
CUST1201,22,,324486,805.0,1.1,0.38,2,0,329934,7.67,Salaried,Married,Graduate,Personal,Tier 2,0,No
CUST1447,50,124288.0,155423,679.0,0.8,0.31,0,4,136379,7.02,Business,Married,Postgraduate,Education,Tier 2,0,No
CUST1028,64,103999.0,204782,801.0,5.0,0.34,5,5,449755,13.93,Contract,Married,Undergraduate,Education,Tier 2,0,Yes
CUST1425,21,50254.0,175995,731.0,1.1,0.44,3,4,501283,10.77,Business,Married,Graduate,Vehicle,Tier 3,0,No
CUST1231,49,133765.0,729520,584.0,6.2,0.42,0,3,447136,12.66,Business,Married,Undergraduate,Personal,Tier 1,0,Yes
CUST1261,21,121196.0,217292,669.0,10.5,0.36,5,2,753425,10.01,Salaried,Single,Graduate,Vehicle,Tier 1,0,Yes
CUST1289,22,139465.0,997479,685.0,7.2,0.66,3,3,496121,13.49,Business,Single,Undergraduate,Personal,Tier 3,0,Yes
CUST1163,26,123616.0,780880,633.0,6.8,0.47,4,0,781372,10.01,Self-employed,Single,Graduate,Vehicle,Tier 1,0,Yes
CUST1426,54,123292.0,295690,659.0,4.2,0.56,0,1,539522,9.46,Salaried,Divorced,Graduate,Vehicle,Tier 3,0,Yes
CUST1139,46,173576.0,379670,649.0,,0.25,5,2,408551,11.26,Salaried,Married,Postgraduate,Personal,Tier 2,1,Yes
CUST1063,24,19062.0,926906,608.0,9.4,0.25,3,4,322715,6.74,Self-employed,Married,Undergraduate,Education,Tier 2,0,Yes
CUST1136,29,128133.0,702026,809.0,6.6,0.4,0,0,574354,9.57,Salaried,Married,Graduate,Personal,Tier 2,0,No
CUST1129,23,31843.0,176161,596.0,3.3,0.39,4,5,606982,9.95,Salaried,Single,Postgraduate,Education,Tier 1,0,Yes
CUST1477,52,61303.0,254615,778.0,3.4,0.38,1,5,25389,9.74,Salaried,Single,Undergraduate,Business,Tier 2,0,No
CUST1009,43,83953.0,322933,756.0,10.5,0.29,1,1,423596,9.54,Business,Single,Undergraduate,Business,Tier 3,0,No
CUST1327,48,85661.0,605941,570.0,0.3,0.23,1,1,997144,5.47,Business,Married,Graduate,Vehicle,Tier 1,0,Yes
CUST1464,51,76596.0,419040,593.0,1.8,0.58,0,2,730787,10.67,Business,Married,Postgraduate,Personal,Tier 2,0,Yes
CUST1065,38,107780.0,256988,683.0,6.9,0.5,1,3,529006,10.57,Business,Married,Graduate,Personal,Tier 1,0,Yes
CUST1301,27,165979.0,576861,672.0,6.0,0.25,3,5,21279,7.58,Business,Married,,Vehicle,Tier 3,1,Yes
CUST1015,44,56513.0,263942,850.0,0.5,0.37,2,2,375250,14.68,Self-employed,Single,Undergraduate,Home,Tier 2,0,Yes
CUST1157,27,51307.0,205989,705.0,2.8,0.73,4,4,450150,8.42,Salaried,Married,Postgraduate,Personal,Tier 2,1,Yes
CUST1041,59,128448.0,134291,670.0,7.1,0.52,2,2,522039,9.9,Salaried,Married,Graduate,Vehicle,Tier 3,0,Yes
CUST1380,32,177096.0,695188,630.0,22.9,0.31,1,1,23074,10.95,Business,Married,Postgraduate,Business,Tier 1,0,No
CUST1469,25,33524.0,930889,692.0,0.7,0.35,2,3,998888,9.44,Business,Married,Postgraduate,Education,Tier 2,0,Yes
CUST1404,26,31234.0,891344,595.0,3.6,0.63,5,2,18233,13.85,Salaried,Married,Graduate,Education,Tier 1,0,Yes
CUST1217,31,166172.0,947336,709.0,4.5,0.43,4,2,858220,10.75,Self-employed,Single,Undergraduate,Vehicle,Tier 1,0,Yes
CUST1280,60,42071.0,244269,683.0,8.1,0.4,2,0,969179,13.78,Self-employed,Married,Postgraduate,Vehicle,Tier 2,0,Yes
CUST1435,42,57809.0,369278,773.0,11.7,0.4,2,1,606206,7.77,Business,Single,Graduate,Education,Tier 2,0,Yes
CUST1431,21,100180.0,230553,,10.3,0.28,5,4,721773,8.36,Salaried,Married,High School,Business,Tier 1,0,No
CUST1338,53,56638.0,101226,813.0,,0.31,1,4,362546,7.78,Business,Single,Undergraduate,Vehicle,Tier 1,0,Yes
CUST1237,23,37198.0,84911,804.0,1.2,0.43,0,4,334125,10.82,Self-employed,Single,Graduate,Vehicle,Tier 2,0,Yes
CUST1208,21,41574.0,957425,679.0,12.7,,0,0,195246,11.42,Salaried,Divorced,Undergraduate,Home,Tier 1,0,Yes
CUST1213,52,139288.0,862831,,5.7,0.48,0,1,957807,6.86,Salaried,Married,Graduate,Personal,Tier 2,0,No
CUST1296,53,41061.0,267215,718.0,3.7,0.26,0,1,312680,14.97,Salaried,Single,High School,Home,Tier 2,1,Yes
CUST1458,57,142450.0,959164,709.0,0.7,0.56,3,0,232579,13.7,Salaried,Single,Undergraduate,Personal,Tier 2,0,Yes
CUST1252,43,43934.0,460543,760.0,5.5,0.19,5,3,855341,8.12,Salaried,Married,Undergraduate,Business,Tier 2,0,No
CUST1489,21,145796.0,299321,708.0,1.1,0.25,5,5,635270,5.06,Business,Married,Graduate,Home,Tier 1,0,No
CUST1487,32,29246.0,87265,844.0,0.0,0.35,2,4,212596,12.48,Self-employed,Single,Graduate,Personal,Tier 1,0,Yes
CUST1304,53,,812092,641.0,14.4,0.42,5,3,371577,10.01,Salaried,Single,Graduate,Education,Tier 2,0,Yes
CUST1351,52,113462.0,347881,757.0,20.5,0.31,3,4,384593,13.87,Business,Married,Graduate,Vehicle,Tier 1,0,Yes
CUST1270,36,87836.0,790874,567.0,8.7,0.45,0,0,125062,10.55,Salaried,Single,Undergraduate,Home,Tier 2,0,Yes
CUST1202,22,30763.0,352950,665.0,4.9,0.44,3,5,298624,8.35,Salaried,Married,Graduate,Education,Tier 3,0,Yes
CUST1162,65,139790.0,201878,715.0,15.8,0.37,5,5,408561,8.94,Business,Single,Postgraduate,Education,Tier 2,0,Yes
CUST1044,45,137180.0,332753,718.0,1.6,0.52,2,1,110686,8.9,Contract,Single,Undergraduate,Business,Tier 2,0,No
CUST1218,37,75091.0,257606,757.0,11.3,0.32,0,4,600333,12.66,Salaried,Single,Undergraduate,Personal,Tier 3,0,Yes
CUST1402,59,143808.0,851480,731.0,9.6,0.3,4,3,501005,12.86,Salaried,Single,Undergraduate,Vehicle,Tier 2,0,Yes
CUST1191,52,24970.0,612288,637.0,3.2,0.39,3,4,583641,16.57,Salaried,Married,Graduate,Home,Tier 2,0,Yes
CUST1310,58,40574.0,966714,736.0,3.1,0.24,2,2,96911,12.25,Salaried,Married,Graduate,Home,Tier 3,1,Yes
CUST1260,22,61088.0,987583,623.0,1.4,0.65,2,5,541162,16.57,Business,Married,Graduate,Vehicle,Tier 2,0,Yes
CUST1106,62,162188.0,544592,819.0,12.8,0.44,5,4,292623,5.86,Business,Married,Graduate,Personal,Tier 1,0,No
CUST1054,55,157407.0,438349,630.0,2.6,0.52,2,3,313974,9.69,Business,Married,Postgraduate,Home,Tier 1,0,Yes
CUST1390,42,142040.0,721210,767.0,6.5,0.28,2,4,458222,12.24,Business,Married,Graduate,Business,Tier 1,1,Yes
CUST1002,49,111008.0,317552,584.0,2.3,0.42,0,0,503843,9.1,Self-employed,Married,Graduate,Business,Tier 2,0,No
CUST1442,42,111070.0,193326,745.0,7.7,0.43,0,5,388152,11.15,Business,Married,Graduate,Education,Tier 3,0,Yes
CUST1483,53,167646.0,872494,530.0,0.2,0.05,3,5,8358,10.46,Business,Single,Undergraduate,Vehicle,Tier 3,0,Yes
CUST1050,48,77163.0,436858,693.0,7.7,0.38,3,4,492602,12.97,Salaried,Married,Undergraduate,Home,Tier 1,0,Yes
CUST1420,46,96477.0,594869,822.0,4.9,0.51,0,1,290810,10.66,Salaried,Single,Undergraduate,Home,Tier 1,0,Yes
CUST1081,38,19542.0,365172,610.0,12.0,0.53,2,1,646593,11.07,Self-employed,Single,Postgraduate,Personal,Tier 2,0,No
CUST1206,52,98642.0,967458,530.0,2.0,0.3,2,2,802583,7.44,Salaried,Married,Undergraduate,Education,Tier 1,0,Yes
CUST1035,64,169222.0,441182,742.0,3.4,0.19,0,4,220558,8.65,Business,Single,Undergraduate,Education,Tier 1,0,No
CUST1264,57,73123.0,212491,534.0,0.8,0.25,2,0,448066,10.41,Contract,Married,Graduate,Home,Tier 1,0,Yes
CUST1428,45,38128.0,843392,745.0,0.2,0.27,5,0,276365,12.22,Salaried,Married,Graduate,Education,Tier 3,0,Yes
CUST1367,46,30910.0,758362,719.0,11.3,0.58,5,2,314066,13.6,Salaried,Married,Postgraduate,Home,Tier 2,0,Yes
CUST1092,27,150396.0,548716,614.0,,0.29,4,4,257388,8.44,Salaried,Divorced,Graduate,Vehicle,Tier 2,0,Yes
CUST1340,52,136033.0,655470,663.0,10.6,0.21,3,5,855525,5.0,Salaried,Single,Postgraduate,Personal,Tier 2,0,Yes
CUST1474,36,38611.0,336214,565.0,8.1,0.37,1,0,840279,6.16,Business,Single,Undergraduate,Personal,Tier 2,1,Yes
CUST1053,28,23486.0,914266,848.0,6.4,0.37,4,1,218456,11.59,Salaried,Married,Graduate,Vehicle,Tier 2,0,Yes
CUST1346,62,91688.0,622212,684.0,7.7,0.45,3,4,772442,9.86,Self-employed,Married,Undergraduate,Home,Tier 3,0,Yes
CUST1265,52,143911.0,431009,613.0,8.0,0.2,2,0,339923,13.44,Self-employed,Single,High School,Personal,Tier 2,0,No
CUST1242,61,57764.0,658746,708.0,3.1,0.37,5,2,59722,9.34,Salaried,Married,Postgraduate,Home,Tier 2,0,Yes
CUST1014,60,107588.0,82154,591.0,1.6,0.61,1,1,790945,9.7,Salaried,Single,High School,Home,Tier 1,0,No
CUST1316,41,113257.0,257980,750.0,0.2,0.73,3,5,226094,8.48,Salaried,Single,High School,Home,Tier 2,0,No
CUST1089,65,46295.0,367320,729.0,0.9,0.3,4,0,495399,12.1,Self-employed,Married,Graduate,Home,Tier 3,0,Yes
CUST1388,42,162990.0,510514,711.0,0.1,0.62,5,3,456442,13.41,Salaried,Married,Undergraduate,Education,Tier 2,0,Yes
CUST1274,53,155326.0,144914,693.0,6.1,0.24,1,1,395270,9.64,Salaried,Married,Graduate,Vehicle,Tier 2,0,No
CUST1167,64,115007.0,928806,679.0,6.7,0.32,5,0,229021,9.36,Salaried,Married,Postgraduate,Vehicle,Tier 2,0,Yes
CUST1329,49,165820.0,989684,579.0,5.0,0.24,0,5,202478,11.22,Business,Married,Graduate,Personal,Tier 1,0,No
CUST1493,63,85506.0,387054,723.0,0.5,0.55,2,0,622367,11.89,Contract,Single,Graduate,Vehicle,Tier 1,0,Yes
CUST1135,47,70638.0,251579,718.0,22.4,0.59,4,1,749822,11.14,Salaried,Single,Postgraduate,Personal,Tier 3,0,Yes
CUST1307,42,41624.0,73752,695.0,0.4,0.62,5,4,372894,11.16,Contract,Married,Graduate,Education,Tier 1,0,Yes
CUST1481,32,91340.0,805164,707.0,11.1,0.43,5,0,835351,9.76,Business,Single,Postgraduate,Personal,Tier 1,0,Yes
CUST1320,53,149374.0,394138,655.0,22.1,0.22,5,2,416324,10.32,Salaried,Single,High School,Vehicle,Tier 1,0,Yes
CUST1244,60,71682.0,955667,625.0,4.3,0.38,0,4,186890,10.53,Salaried,Single,Undergraduate,Personal,Tier 3,0,Yes
CUST1055,34,104900.0,64153,512.0,4.5,0.32,1,4,57446,12.19,Salaried,Single,High School,Vehicle,Tier 2,0,No
CUST1364,59,44734.0,585843,,4.8,0.33,2,5,155528,10.4,Salaried,Married,Graduate,Vehicle,Tier 3,0,Yes
CUST1051,27,69934.0,704618,543.0,9.4,0.3,4,4,703148,12.97,Self-employed,Married,Graduate,Vehicle,Tier 2,0,Yes
CUST1457,50,91698.0,402744,678.0,15.0,0.56,1,5,485441,11.82,Salaried,Single,,Vehicle,Tier 1,1,No
CUST1175,21,68990.0,995456,727.0,8.3,0.4,5,1,602904,9.35,Self-employed,Married,Postgraduate,Personal,Tier 1,0,Yes
CUST1446,25,60078.0,642245,580.0,6.4,0.42,2,2,231572,7.98,Self-employed,Married,Undergraduate,Personal,Tier 1,0,Yes
CUST1190,35,38309.0,431915,715.0,2.5,0.19,0,4,241500,5.58,Salaried,Single,Graduate,Personal,Tier 2,0,Yes
CUST1497,32,101122.0,932875,687.0,2.7,0.34,0,5,972752,8.43,Self-employed,Married,Graduate,Vehicle,Tier 1,0,Yes
CUST1188,64,41833.0,996369,828.0,4.0,0.24,5,4,856161,7.88,Contract,Married,Graduate,Vehicle,Tier 2,0,Yes
CUST1170,31,140402.0,501282,594.0,1.8,0.05,2,4,300599,15.45,Salaried,Married,Undergraduate,Vehicle,Tier 3,0,Yes
CUST1059,24,105508.0,105318,675.0,19.9,0.37,0,3,949734,13.92,Salaried,Married,Undergraduate,Personal,Tier 3,0,Yes
CUST1049,40,173538.0,542313,553.0,11.3,0.3,4,4,724778,12.24,Self-employed,Single,Graduate,Vehicle,Tier 2,0,Yes
CUST1345,45,64271.0,227900,727.0,0.9,0.41,1,5,360239,5.53,Salaried,Divorced,Postgraduate,Home,Tier 2,0,Yes
CUST1236,46,55626.0,647794,626.0,0.0,0.37,1,1,270406,10.78,Self-employed,Married,High School,Vehicle,Tier 2,0,Yes
CUST1253,51,172458.0,97057,759.0,0.1,,0,2,863823,10.52,Salaried,Divorced,Undergraduate,Home,Tier 3,0,No
CUST1022,58,62425.0,415060,693.0,11.4,0.4,3,3,28559,7.24,Business,Single,Postgraduate,Business,Tier 3,0,Yes
CUST1314,47,136831.0,288009,647.0,2.0,0.59,1,1,998978,15.1,Salaried,Divorced,Undergraduate,Home,Tier 1,0,Yes
CUST1460,30,61925.0,995439,659.0,26.6,0.5,0,2,715381,9.61,Salaried,Married,High School,Personal,Tier 2,0,No
CUST1161,62,38159.0,637111,699.0,1.9,0.34,5,4,428350,6.08,Business,Married,High School,Home,Tier 3,0,No
CUST1277,28,155162.0,428387,693.0,6.9,0.57,0,5,820869,10.1,Self-employed,Single,Undergraduate,Personal,Tier 1,0,Yes
CUST1444,34,115829.0,61344,565.0,35.0,0.24,3,3,737835,5.0,Business,Married,High School,Vehicle,Tier 2,0,Yes
CUST1192,52,90474.0,601025,678.0,8.5,0.37,3,2,710356,13.75,Salaried,Single,Graduate,Personal,Tier 2,0,Yes
CUST1386,52,176211.0,294883,685.0,8.5,0.46,0,2,581553,11.53,Salaried,Married,Postgraduate,Home,Tier 2,0,No
CUST1294,53,121081.0,140093,523.0,,0.12,2,2,529624,13.27,Self-employed,Single,Postgraduate,Home,Tier 3,0,No
CUST1414,39,60101.0,602433,591.0,2.2,0.18,3,5,222314,9.04,Contract,Single,Graduate,Business,Tier 2,0,No
CUST1344,38,52674.0,801883,802.0,23.3,0.19,1,1,503512,9.51,Business,Single,Postgraduate,Education,Tier 1,1,Yes
CUST1258,36,60318.0,576486,796.0,8.2,0.11,0,2,161877,9.17,Salaried,Single,Graduate,Home,Tier 1,1,Yes
CUST1309,58,159560.0,198757,694.0,0.8,0.48,0,5,341199,12.7,Salaried,Married,Undergraduate,Education,Tier 1,0,No
CUST1150,65,178775.0,208768,645.0,4.4,0.55,3,5,912179,8.65,Salaried,Married,Graduate,Vehicle,Tier 3,0,No
CUST1131,25,89726.0,894193,751.0,4.3,0.33,4,1,938334,9.28,Self-employed,Married,Graduate,Home,Tier 1,0,Yes
CUST1152,63,64427.0,906912,767.0,1.0,0.25,3,2,740035,9.59,Business,Married,Postgraduate,Business,Tier 1,0,Yes
CUST1360,60,25561.0,612997,795.0,1.5,0.1,1,3,822459,13.24,Business,Married,Postgraduate,Personal,Tier 1,1,Yes
CUST1100,37,104188.0,334260,627.0,4.1,0.4,4,3,697459,6.47,Salaried,Single,Graduate,Education,Tier 2,0,No
CUST1373,56,66447.0,61046,704.0,,0.53,3,0,461843,13.05,Business,Married,Graduate,Education,Tier 2,1,Yes
CUST1088,35,44962.0,159945,745.0,18.8,0.33,2,4,640785,8.6,Business,Married,Undergraduate,Education,Tier 1,0,No
CUST1459,43,154487.0,566142,612.0,8.6,0.38,4,5,555242,12.6,Contract,Married,Graduate,Business,Tier 1,1,Yes
CUST1331,55,22621.0,696117,780.0,2.3,0.47,1,5,699879,7.97,Salaried,Married,Graduate,Business,Tier 2,1,No
CUST1215,52,63106.0,266454,673.0,2.8,0.18,2,4,128728,8.83,Salaried,Married,High School,Business,Tier 2,0,No
CUST1467,52,106861.0,368420,712.0,4.5,0.43,2,2,541785,11.41,Business,Single,Graduate,Vehicle,Tier 1,0,No
CUST1122,42,,992654,643.0,17.1,0.52,2,0,197003,9.26,Salaried,Married,Graduate,Personal,Tier 3,0,No
CUST1500,55,138430.0,184055,733.0,3.1,0.45,2,5,889671,10.47,Business,Single,Undergraduate,Home,Tier 1,0,Yes
CUST1021,50,78692.0,82265,810.0,2.0,0.39,2,1,19995,10.36,Business,Married,Graduate,Personal,Tier 2,0,No
CUST1189,44,153230.0,187717,781.0,1.0,0.37,0,2,426594,12.9,Salaried,Single,Graduate,Business,Tier 1,1,Yes
CUST1072,51,27348.0,141751,,0.4,0.41,0,4,208561,11.55,Salaried,Single,Graduate,Personal,Tier 1,1,Yes
CUST1107,59,174542.0,150158,636.0,0.7,0.19,0,4,968676,14.49,Salaried,Divorced,Graduate,Home,Tier 2,0,No
CUST1271,23,122573.0,677433,557.0,7.9,0.55,3,3,17100,9.2,Business,Married,Undergraduate,Personal,Tier 1,0,Yes
CUST1349,60,19062.0,502268,,2.2,0.45,2,5,886864,14.65,Business,Single,Graduate,Education,Tier 3,0,Yes
CUST1436,49,134748.0,201563,664.0,0.8,0.38,5,4,83116,11.22,Self-employed,Married,Undergraduate,Home,Tier 1,1,Yes
CUST1103,55,,698373,717.0,1.5,0.32,2,0,853231,12.34,Salaried,Married,High School,Vehicle,Tier 2,0,No
