Customer_ID,Age,Annual_Spending_k,target
C025,41,67.9,High Value
C007,38,58.0,Low Value
C094,58,62.0,High Value
C110,54,92.8,High Value
C105,56,63.1,Low Value
C173,58,86.4,High Value
C234,45,52.8,Low Value
C087,30,60.1,Low Value
C010,30,34.3,Low Value
C144,25,55.3,Low Value
C046,26,42.8,Low Value
C207,48,71.9,High Value
C115,22,17.4,Low Value
C169,51,63.6,Low Value
C114,33,70.9,High Value
C231,54,73.4,High Value
C186,38,64.4,Low Value
C016,41,82.0,High Value
C153,52,98.3,High Value
C126,32,49.4,Low Value
C128,58,80.0,High Value
C020,57,112.8,High Value
C236,20,34.1,Low Value
C031,22,36.3,Low Value
C177,36,57.0,Low Value
C151,44,44.7,Low Value
C011,43,105.4,High Value
C202,35,43.8,Low Value
C238,24,75.0,High Value
C154,20,46.6,Low Value
C097,26,58.5,Low Value
C229,50,76.5,High Value
C026,44,60.2,Low Value
C183,51,99.4,High Value
C019,49,72.6,High Value
C070,40,43.0,Low Value
C193,30,43.5,Low Value
C056,23,52.3,Low Value
C080,44,59.3,Low Value
C176,56,76.3,High Value
C228,42,75.1,High Value
C113,56,63.5,High Value
C222,37,36.4,Low Value
C017,21,43.8,Low Value
C157,60,76.9,High Value
C067,33,52.3,Low Value
C166,43,55.3,Low Value
C039,44,58.1,Low Value
C140,26,37.3,Low Value
C061,29,45.6,Low Value
C205,25,41.4,Low Value
C187,21,70.9,High Value
C208,22,37.8,Low Value
C194,36,79.6,High Value
C225,30,52.2,Low Value
C210,55,104.1,High Value
C116,20,51.1,Low Value
C220,59,66.3,Low Value
C074,45,58.4,Low Value
C137,55,105.0,High Value
C096,47,82.7,High Value
C127,51,115.0,High Value
C121,46,92.3,High Value
C068,42,62.1,High Value
C102,52,84.5,High Value
C069,59,68.3,High Value
C109,46,104.7,High Value
C085,27,66.9,High Value
C118,45,77.0,High Value
C195,57,70.7,High Value
C178,21,53.9,Low Value
C112,54,64.8,High Value
C030,34,52.0,Low Value
C125,45,61.7,Low Value
C076,60,84.6,High Value
C083,43,66.9,High Value
C006,58,90.9,High Value
C057,48,76.3,High Value
C165,52,69.1,Low Value
C160,25,50.1,Low Value
C098,28,41.0,Low Value
C066,27,52.9,Low Value
C213,22,59.0,Low Value
C209,39,79.6,High Value
C143,21,45.7,Low Value
C032,56,76.1,High Value
C013,59,87.2,High Value
C036,58,77.3,High Value
C029,35,79.6,High Value
C043,21,26.9,Low Value
C224,20,38.6,Low Value
C149,30,52.0,Low Value
C162,46,74.4,High Value
C052,59,80.4,High Value
C138,32,50.9,Low Value
C191,51,50.3,Low Value
C077,48,63.1,Low Value
C042,45,60.3,Low Value
C163,28,41.8,Low Value
C147,39,85.0,High Value
C079,20,26.1,Low Value
C142,47,62.5,Low Value
C027,46,77.0,High Value
C232,26,39.1,Low Value
C216,51,80.4,High Value
C239,56,86.9,High Value
C133,42,67.2,High Value
C001,58,64.3,Low Value
C003,34,64.1,Low Value
C078,34,51.9,Low Value
C047,27,49.4,Low Value
C101,53,82.4,High Value
C120,58,106.0,High Value
C145,47,69.7,Low Value
C174,21,42.8,Low Value
C091,54,84.6,High Value
C086,43,79.9,High Value
C168,51,81.3,High Value
C159,58,78.8,High Value
C099,27,46.2,Low Value
C037,37,53.3,Low Value
C141,41,52.9,Low Value
C062,55,115.0,High Value
C023,52,58.1,Low Value
C119,33,48.7,Low Value
C156,32,44.4,Low Value
C197,24,52.3,Low Value
C034,40,67.8,High Value
C012,55,88.5,High Value
C235,21,72.9,High Value
C028,47,71.4,High Value
C148,49,77.1,High Value
C005,40,64.2,Low Value
C123,34,55.1,Low Value
C033,26,32.3,Low Value
C139,51,79.5,High Value
C171,60,93.0,High Value
C063,33,64.3,Low Value
C136,48,66.1,High Value
C129,51,51.7,Low Value
C217,26,27.4,Low Value
C181,42,66.4,High Value
C071,35,97.9,High Value
C184,52,73.8,High Value
C065,34,97.6,High Value
C045,47,73.2,High Value
C155,46,112.1,High Value
C041,28,54.7,Low Value
C124,34,60.2,Low Value
C024,31,80.0,High Value
C179,21,33.1,Low Value
C198,53,80.7,High Value
C082,28,45.5,Low Value
C040,33,57.7,Low Value
C201,30,32.0,Low Value
C048,54,91.7,High Value
C095,60,73.3,High Value
C182,56,90.0,High Value
C044,39,51.7,Low Value
C146,47,71.9,High Value
C227,44,70.0,High Value
C004,27,34.4,Low Value
C106,54,92.5,High Value
C054,21,46.8,Low Value
C134,58,112.3,High Value
C218,60,115.0,High Value
C185,20,40.6,Low Value
C223,59,104.6,High Value
C050,36,45.3,Low Value
C164,56,84.9,High Value
C081,26,57.5,Low Value
C035,28,72.7,High Value
C008,42,68.8,High Value
C172,31,35.7,Low Value
C111,20,34.8,Low Value
C092,52,65.5,High Value
C084,20,22.3,Low Value
C214,38,105.5,High Value
C219,52,70.2,High Value
C090,54,78.5,High Value
C009,30,57.6,Low Value
C014,43,51.9,Low Value
C060,53,108.5,High Value
C206,35,62.1,Low Value
C132,56,97.5,High Value
C018,43,74.1,High Value
C167,34,70.2,High Value
C073,43,61.1,High Value
C230,49,67.0,Low Value
C135,34,81.8,High Value
C196,43,61.0,Low Value
C221,58,89.0,High Value
C064,50,69.6,Low Value
C055,25,31.2,Low Value
C108,41,46.4,Low Value
C051,55,85.8,High Value
C199,25,45.7,Low Value
C175,22,30.3,Low Value
C200,41,60.0,Low Value
C190,25,54.4,Low Value
C237,31,50.4,Low Value
C212,45,115.0,High Value
C170,43,66.3,High Value
C059,45,66.8,Low Value
C049,33,52.3,Low Value
C089,27,73.2,High Value
C022,40,59.5,Low Value
C058,37,48.5,Low Value
C204,28,48.8,Low Value
C161,27,37.8,Low Value
C233,35,55.2,Low Value
C188,45,59.0,Low Value
C192,23,54.2,Low Value
C130,23,51.3,Low Value
C038,23,45.9,Low Value
C158,22,87.0,High Value
C226,47,109.2,High Value
C002,48,79.1,High Value
C053,23,47.2,Low Value
C150,47,76.6,High Value
C131,49,76.7,High Value
C152,58,66.5,High Value
C104,43,78.0,High Value
C100,31,31.5,Low Value
C117,24,55.0,Low Value
C088,36,61.7,High Value
C203,52,68.4,High Value
C075,44,44.7,Low Value
C215,39,55.7,Low Value
C211,38,51.4,Low Value
C122,28,67.7,High Value
C240,51,90.9,High Value
C021,21,27.5,Low Value
C189,51,64.0,Low Value
C072,37,46.0,Low Value
C107,59,72.5,High Value
C015,22,29.8,Low Value
C093,24,35.2,Low Value
C180,47,74.1,High Value
C103,42,64.1,Low Value
