Age,Income,Student,Credit Score,Location,Buys Laptop
25.0,High,No,700,Urban,Yes
30.0,High,Yes,650,Urban,No
22.0,Low,No,580,Rural,No
35.0,Medium,No,620,Urban,Yes
28.0,Low,Yes,690,Suburban,Yes
24.0,Low,No,610,Rural,No
32.0,Medium,Yes,720,Urban,Yes
40.0,High,No,760,Urban,Yes
21.0,Low,Yes,640,Suburban,Yes
29.0,Medium,No,680,Urban,Yes
45.0,High,No,790,Urban,Yes
27.0,Low,No,590,Rural,No
34.0,Medium,Yes,710,Suburban,Yes
31.0,High,No,730,Urban,Yes
23.0,Low,Yes,620,Rural,No
38.0,Medium,No,670,Suburban,Yes
26.0,Low,No,600,Rural,No
33.0,High,Yes,750,Urban,Yes
41.0,Medium,No,690,Suburban,Yes
20.0,Low,Yes,610,Urban,Yes
36.0,High,No,780,Urban,Yes
28.0,Medium,Yes,665,Suburban,Yes
24.0,Low,No,570,Rural,No
30.0,Medium,No,640,Suburban,Yes
39.0,High,Yes,800,Urban,Yes
27.0,Low,Yes,630,Rural,No
44.0,Medium,No,705,Urban,Yes
22.0,Low,No,560,Rural,No
35.0,High,Yes,770,Urban,Yes
29.0,Medium,No,625,Suburban,No
42.0,High,No,735,Urban,Yes
25.0,Low,Yes,655,Suburban,Yes
37.0,Medium,No,650,Rural,Yes
31.0,High,Yes,715,Urban,Yes
23.0,Low,No,600,Rural,No
40.0,Medium,Yes,740,Suburban,Yes
28.0,High,No,685,Urban,Yes
34.0,Low,Yes,610,Rural,No
46.0,High,No,810,Urban,Yes
26.0,Medium,No,635,Suburban,Yes
33.0,Low,Yes,640,Rural,Yes
30.0,,No,670,Urban,Yes
24.0,Low,,590,Rural,No
,High,No,720,Urban,Yes
35.0,Medium,Yes,,Suburban,Yes
27.0,,No,605,Rural,No
32.0,High,Yes,755,,Yes
29.0,Medium,No,660,Suburban,Yes
21.0,Low,Yes,?,Rural,No
38.0,High,No,785,Urban,Yes
29.0,Medium,No,680,Urban,Yes
28.0,Medium,Yes,665,Suburban,Yes
